"Module Name","Display Name","Description","Driver Type","Start Mode","State","Status","Accept Stop","Accept Pause","Paged Pool(bytes)","Code(bytes)","BSS(bytes)","Link Date","Path","Init(bytes)"
"ACPI","Microsoft ACPI Driver","Microsoft ACPI Driver","Kernel ","Boot","Running","OK","TRUE","FALSE","0","0","0","2013-10-08 06:39:16","C:\Windows\system32\drivers\ACPI.sys","0"
"acpiex","Microsoft ACPIEx Driver","Microsoft ACPIEx Driver","Kernel ","Boot","Running","OK","TRUE","FALSE","0","0","0","2013-08-22 06:12:50","C:\Windows\system32\Drivers\acpiex.sys","0"
"acpipagr","ACPI Processor Aggregator Driver","ACPI Processor Aggregator Driver","Kernel ","Manual","Running","OK","TRUE","FALSE","0","0","0","2013-08-22 06:13:20","C:\Windows\system32\drivers\acpipagr.sys","0"
"AcpiPmi","ACPI Power Meter Driver","ACPI Power Meter Driver","Kernel ","Manual","Stopped","OK","FALSE","FALSE","0","0","0","2013-08-22 06:13:24","C:\Windows\system32\drivers\acpipmi.sys","0"
"acpitime","ACPI Wake Alarm Driver","ACPI Wake Alarm Driver","Kernel ","Manual","Running","OK","TRUE","FALSE","0","0","0","2013-08-22 06:13:25","C:\Windows\system32\drivers\acpitime.sys","0"
"AFD","Ancillary Function Driver for Winsock","Ancillary Function Driver for Winsock","Kernel ","System","Running","OK","TRUE","FALSE","0","0","0","2013-08-22 06:12:17","C:\Windows\system32\drivers\afd.sys","0"
"ahcache","Application Compatibility Cache","Application Compatibility Cache","Kernel ","System","Running","OK","TRUE","FALSE","0","0","0","2013-08-22 04:36:50","C:\Windows\system32\DRIVERS\ahcache.sys","0"
"AX88772","ASIX AX88772 USB2.0 to Fast Ethernet Adapter","ASIX AX88772 USB2.0 to Fast Ethernet Adapter","Kernel ","Manual","Stopped","OK","FALSE","FALSE","0","0","0","2012-06-08 23:14:42","C:\Windows\system32\DRIVERS\ax88772.sys","0"
"BasicDisplay","BasicDisplay","BasicDisplay","Kernel ","System","Running","OK","TRUE","FALSE","0","0","0","2013-08-22 06:13:43","C:\Windows\system32\drivers\BasicDisplay.sys","0"
"BasicRender","BasicRender","BasicRender","Kernel ","System","Running","OK","TRUE","FALSE","0","0","0","2013-08-22 06:13:33","C:\Windows\system32\drivers\BasicRender.sys","0"
"Beep","Beep","Beep","Kernel ","System","Running","OK","TRUE","FALSE","0","0","0","2013-08-22 06:14:15","C:\Windows\system32\drivers\Beep.sys","0"
"bowser","Browser Support Driver","Browser Support Driver","File System ","Manual","Running","OK","TRUE","FALSE","0","0","0","2013-08-22 06:13:14","C:\Windows\system32\DRIVERS\bowser.sys","0"
"BthAvrcpTg","Bluetooth Audio/Video Remote Control HID","Bluetooth Audio/Video Remote Control HID","Kernel ","Manual","Stopped","OK","FALSE","FALSE","0","0","0","2013-08-22 06:13:17","C:\Windows\system32\drivers\BthAvrcpTg.sys","0"
"BthEnum","Bluetooth Enumerator Service","Bluetooth Enumerator Service","Kernel ","Manual","Running","OK","TRUE","FALSE","0","0","0","2013-08-22 06:12:19","C:\Windows\system32\DRIVERS\BthEnum.sys","0"
"BthHFEnum","Bluetooth Hands-Free Audio and Call Control HID Enumerator","Bluetooth Hands-Free Audio and Call Control HID Enumerator","Kernel ","Manual","Stopped","OK","FALSE","FALSE","0","0","0","2013-08-22 06:12:49","C:\Windows\system32\drivers\bthhfenum.sys","0"
"bthhfhid","Bluetooth Hands-Free Call Control HID","Bluetooth Hands-Free Call Control HID","Kernel ","Manual","Stopped","OK","FALSE","FALSE","0","0","0","2013-08-22 06:13:03","C:\Windows\system32\drivers\BthHFHid.sys","0"
"BthLEEnum","Bluetooth Low Energy Driver","Bluetooth Low Energy Driver","Kernel ","Manual","Running","OK","TRUE","FALSE","0","0","0","2013-08-22 06:12:19","C:\Windows\system32\DRIVERS\BthLEEnum.sys","0"
"BthMini","Bluetooth Radio Driver","Bluetooth Radio Driver","Kernel ","Manual","Running","OK","TRUE","FALSE","0","0","0","2013-08-22 06:13:10","C:\Windows\system32\Drivers\BTHMINI.sys","0"
"BthPan","Bluetooth Device (Personal Area Network)","Bluetooth Device (Personal Area Network)","Kernel ","Manual","Running","OK","TRUE","FALSE","0","0","0","2013-08-22 06:11:57","C:\Windows\system32\DRIVERS\bthpan.sys","0"
"BTHPORT","Bluetooth Port Driver","Bluetooth Port Driver","Kernel ","Manual","Stopped","OK","FALSE","FALSE","0","0","0","2013-10-05 11:51:21","C:\Windows\system32\Drivers\BTHport.sys","0"
"cdfs","CD/DVD File System Reader","CD/DVD File System Reader","File System ","Disabled","Stopped","OK","FALSE","FALSE","0","0","0","2013-08-22 06:14:13","C:\Windows\system32\DRIVERS\cdfs.sys","0"
"cdrom","CD-ROM Driver","CD-ROM Driver","Kernel ","System","Stopped","OK","FALSE","FALSE","0","0","0","2013-08-22 04:36:50","C:\Windows\system32\drivers\cdrom.sys","0"
"CLFS","Common Log (CLFS)","Common Log (CLFS)","Kernel ","Boot","Running","OK","TRUE","FALSE","0","0","0","2013-08-22 06:14:05","C:\Windows\system32\drivers\CLFS.sys","0"
"CmBatt","Microsoft ACPI Control Method Battery Driver","Microsoft ACPI Control Method Battery Driver","Kernel ","Manual","Running","OK","TRUE","FALSE","0","0","0","2013-08-22 06:13:48","C:\Windows\system32\drivers\CmBatt.sys","0"
"CNG","CNG","CNG","Kernel ","Boot","Running","OK","TRUE","FALSE","0","0","0","2013-08-22 06:13:12","C:\Windows\system32\Drivers\cng.sys","0"
"cnghwassist","CNG Hardware Assist algorithm provider","CNG Hardware Assist algorithm provider","Kernel ","Boot","Running","OK","TRUE","FALSE","0","0","0","2013-08-22 06:13:32","C:\Windows\system32\DRIVERS\cnghwassist.sys","0"
"CompositeBus","Composite Bus Enumerator Driver","Composite Bus Enumerator Driver","Kernel ","Manual","Running","OK","TRUE","FALSE","0","0","0","2013-08-22 06:13:25","C:\Windows\system32\drivers\CompositeBus.sys","0"
"condrv","Console Driver","Console Driver","Kernel ","Manual","Running","OK","TRUE","FALSE","0","0","0","2013-08-22 06:14:12","C:\Windows\system32\drivers\condrv.sys","0"
"dam","Desktop Activity Moderator Driver","Desktop Activity Moderator Driver","Kernel ","System","Running","OK","TRUE","FALSE","0","0","0","2013-08-22 06:13:50","C:\Windows\system32\drivers\dam.sys","0"
"Dfsc","DFS Namespace Client Driver","DFS Namespace Client Driver","File System ","System","Running","OK","TRUE","FALSE","0","0","0","2013-08-22 06:13:05","C:\Windows\system32\Drivers\dfsc.sys","0"
"disk","Disk Driver","Disk Driver","Kernel ","Boot","Running","OK","TRUE","FALSE","0","0","0","2013-08-22 04:36:50","C:\Windows\system32\drivers\disk.sys","0"
"drmkaud","Microsoft Trusted Audio Drivers","Microsoft Trusted Audio Drivers","Kernel ","Manual","Stopped","OK","FALSE","FALSE","0","0","0","2013-08-22 06:13:39","C:\Windows\system32\drivers\drmkaud.sys","0"
"DXGKrnl","LDDM Graphics Subsystem","LDDM Graphics Subsystem","Kernel ","Manual","Running","OK","TRUE","FALSE","0","0","0","2013-11-04 14:05:57","C:\Windows\system32\drivers\dxgkrnl.sys","0"
"EhStorClass","Enhanced Storage Filter Driver","Enhanced Storage Filter Driver","Kernel ","Boot","Stopped","OK","FALSE","FALSE","0","0","0","2013-08-22 06:12:58","C:\Windows\system32\drivers\EhStorClass.sys","0"
"EhStorTcgDrv","Microsoft driver for storage devices supporting IEEE 1667 and TCG protocols","Microsoft driver for storage devices supporting IEEE 1667 and TCG protocols","Kernel ","Manual","Stopped","OK","FALSE","FALSE","0","0","0","2013-08-22 06:12:38","C:\Windows\system32\drivers\EhStorTcgDrv.sys","0"
"exfat","exFAT File System Driver","exFAT File System Driver","File System ","Manual","Stopped","OK","FALSE","FALSE","0","0","0","2013-08-22 06:14:16","C:\Windows\system32\drivers\exfat.sys","0"
"fastfat","FAT12/16/32 File System Driver","FAT12/16/32 File System Driver","File System ","Manual","Running","OK","TRUE","FALSE","0","0","0","2013-08-22 06:14:17","C:\Windows\system32\drivers\fastfat.sys","0"
"FileInfo","File Information FS MiniFilter","File Information FS MiniFilter","File System ","Boot","Running","OK","TRUE","FALSE","0","0","0","2013-08-22 06:13:14","C:\Windows\system32\drivers\fileinfo.sys","0"
"Filetrace","Filetrace","Filetrace","File System ","Manual","Stopped","OK","FALSE","FALSE","0","0","0","2013-08-22 06:13:48","C:\Windows\system32\drivers\filetrace.sys","0"
"FltMgr","FltMgr","FltMgr","File System ","Boot","Running","OK","TRUE","FALSE","0","0","0","2013-08-22 06:14:15","C:\Windows\system32\drivers\fltmgr.sys","0"
"FsDepends","File System Dependency Minifilter","File System Dependency Minifilter","File System ","Manual","Stopped","OK","FALSE","FALSE","0","0","0","2013-08-22 06:13:49","C:\Windows\system32\drivers\FsDepends.sys","0"
"fvevol","BitLocker Drive Encryption Filter Driver","BitLocker Drive Encryption Filter Driver","Kernel ","Boot","Running","OK","TRUE","FALSE","0","0","0","2013-09-21 08:56:10","C:\Windows\system32\DRIVERS\fvevol.sys","0"
"FxPPM","Power Framework Processor Driver","Power Framework Processor Driver","Kernel ","Manual","Running","OK","TRUE","FALSE","0","0","0","2013-08-22 04:36:48","C:\Windows\system32\drivers\fxppm.sys","0"
"GPIOClx0101","Microsoft GPIO Class Extension Driver","Microsoft GPIO Class Extension Driver","Kernel ","Manual","Running","OK","TRUE","FALSE","0","0","0","2013-08-22 06:12:54","C:\Windows\system32\Drivers\msgpioclx.sys","0"
"HdAudAddService","Microsoft 1.1 UAA Function Driver for High Definition Audio Service","Microsoft 1.1 UAA Function Driver for High Definition Audio Service","Kernel ","Manual","Running","OK","TRUE","FALSE","0","0","0","2013-08-22 06:13:01","C:\Windows\system32\drivers\HdAudio.sys","0"
"HDAudBus","Microsoft UAA Bus Driver for High Definition Audio","Microsoft UAA Bus Driver for High Definition Audio","Kernel ","Manual","Running","OK","TRUE","FALSE","0","0","0","2013-08-22 06:13:13","C:\Windows\system32\drivers\HDAudBus.sys","0"
"HidBth","Microsoft Bluetooth HID Miniport","Microsoft Bluetooth HID Miniport","Kernel ","Manual","Stopped","OK","FALSE","FALSE","0","0","0","2013-08-22 06:13:15","C:\Windows\system32\drivers\hidbth.sys","0"
"hidi2c","Microsoft I2C HID Miniport Driver","Microsoft I2C HID Miniport Driver","Kernel ","Manual","Running","OK","TRUE","FALSE","0","0","0","2013-08-22 06:12:36","C:\Windows\system32\drivers\hidi2c.sys","0"
"HidUsb","Microsoft HID Class Driver","Microsoft HID Class Driver","Kernel ","Manual","Stopped","OK","FALSE","FALSE","0","0","0","2013-08-22 06:13:21","C:\Windows\system32\drivers\hidusb.sys","0"
"HTTP","HTTP Service","HTTP Service","Kernel ","Manual","Running","OK","TRUE","FALSE","0","0","0","2013-08-22 06:12:27","C:\Windows\system32\drivers\HTTP.sys","0"
"hwpolicy","Hardware Policy Driver","Hardware Policy Driver","Kernel ","Boot","Stopped","OK","FALSE","FALSE","0","0","0","2013-08-22 06:14:11","C:\Windows\system32\drivers\hwpolicy.sys","0"
"IPMIDRV","IPMIDRV","IPMIDRV","Kernel ","Manual","Stopped","OK","FALSE","FALSE","0","0","0","2013-08-22 06:13:26","C:\Windows\system32\drivers\IPMIDrv.sys","0"
"IPNAT","IP Network Address Translator","IP Network Address Translator","Kernel ","Manual","Stopped","OK","FALSE","FALSE","0","0","0","2013-09-14 12:39:08","C:\Windows\system32\drivers\ipnat.sys","0"
"kbdclass","Keyboard Class Driver","Keyboard Class Driver","Kernel ","Manual","Running","OK","TRUE","FALSE","0","0","0","2013-08-22 06:13:35","C:\Windows\system32\drivers\kbdclass.sys","0"
"kbdhid","Keyboard HID Driver","Keyboard HID Driver","Kernel ","Manual","Running","OK","TRUE","FALSE","0","0","0","2013-08-22 06:13:34","C:\Windows\system32\drivers\kbdhid.sys","0"
"kbldfltr","kbldfltr","kbldfltr","Kernel ","Manual","Stopped","OK","FALSE","FALSE","0","0","0","2013-08-22 06:13:12","C:\Windows\system32\drivers\kbldfltr.sys","0"
"KSecDD","KSecDD","KSecDD","Kernel ","Boot","Running","OK","TRUE","FALSE","0","0","0","2013-09-21 08:56:37","C:\Windows\system32\Drivers\ksecdd.sys","0"
"KSecPkg","KSecPkg","KSecPkg","Kernel ","Boot","Running","OK","TRUE","FALSE","0","0","0","2013-08-22 06:12:37","C:\Windows\system32\Drivers\ksecpkg.sys","0"
"lltdio","Link-Layer Topology Discovery Mapper I/O Driver","Link-Layer Topology Discovery Mapper I/O Driver","Kernel ","Auto","Running","OK","TRUE","FALSE","0","0","0","2013-08-22 06:12:05","C:\Windows\system32\DRIVERS\lltdio.sys","0"
"mbtu97w8","Marvell AVASTAR Bluetooth Enumerator Service","Marvell AVASTAR Bluetooth Enumerator Service","Kernel ","Manual","Running","OK","TRUE","FALSE","0","0","0","2013-11-22 04:30:57","C:\Windows\system32\drivers\mbtu97w8arm.sys","0"
"Modem","Modem","Modem","Kernel ","Manual","Stopped","OK","FALSE","FALSE","0","0","0","2013-08-22 06:14:11","C:\Windows\system32\drivers\modem.sys","0"
"monitor","Microsoft Monitor Class Function Driver Service","Microsoft Monitor Class Function Driver Service","Kernel ","Manual","Running","OK","TRUE","FALSE","0","0","0","2013-08-22 06:12:15","C:\Windows\system32\drivers\monitor.sys","0"
"mouclass","Mouse Class Driver","Mouse Class Driver","Kernel ","Manual","Stopped","OK","FALSE","FALSE","0","0","0","2013-08-22 06:13:34","C:\Windows\system32\drivers\mouclass.sys","0"
"mouhid","Mouse HID Driver","Mouse HID Driver","Kernel ","Manual","Stopped","OK","FALSE","FALSE","0","0","0","2013-08-22 06:13:34","C:\Windows\system32\drivers\mouhid.sys","0"
"mountmgr","Mount Point Manager","Mount Point Manager","Kernel ","Boot","Running","OK","TRUE","FALSE","0","0","0","2013-08-22 04:36:51","C:\Windows\system32\drivers\mountmgr.sys","0"
"mpsdrv","Windows Firewall Authorisation Driver","Windows Firewall Authorisation Driver","Kernel ","Manual","Running","OK","TRUE","FALSE","0","0","0","2013-08-22 06:11:48","C:\Windows\system32\drivers\mpsdrv.sys","0"
"mrvlsd8797","Marvell Wireless LAN SD8797 Device Filter Driver","Marvell Wireless LAN SD8797 Device Filter Driver","Kernel ","Manual","Running","OK","TRUE","FALSE","0","0","0","2013-11-22 04:30:43","C:\Windows\system32\DRIVERS\mrvlsd8797.sys","0"
"MRxDAV","WebDav Client Redirector Driver","WebDav Client Redirector Driver","File System ","Manual","Stopped","OK","FALSE","FALSE","0","0","0","2013-08-22 06:12:35","C:\Windows\system32\drivers\mrxdav.sys","0"
"mrxsmb","SMB MiniRedirector Wrapper and Engine","SMB MiniRedirector Wrapper and Engine","File System ","Manual","Running","OK","TRUE","FALSE","0","0","0","2013-09-21 08:54:53","C:\Windows\system32\DRIVERS\mrxsmb.sys","0"
"mrxsmb10","SMB 1.x MiniRedirector","SMB 1.x MiniRedirector","File System ","Auto","Running","OK","TRUE","FALSE","0","0","0","2013-08-22 06:11:47","C:\Windows\system32\DRIVERS\mrxsmb10.sys","0"
"mrxsmb20","SMB 2.0 MiniRedirector","SMB 2.0 MiniRedirector","File System ","Manual","Running","OK","TRUE","FALSE","0","0","0","2013-09-21 08:55:49","C:\Windows\system32\DRIVERS\mrxsmb20.sys","0"
"MsBridge","Microsoft MAC Bridge","Microsoft MAC Bridge","Kernel ","Manual","Stopped","OK","FALSE","FALSE","0","0","0","2013-08-22 06:11:43","C:\Windows\system32\DRIVERS\bridge.sys","0"
"Msfs","Msfs","Msfs","File System ","System","Running","OK","TRUE","FALSE","0","0","0","2013-08-22 06:14:15","C:\Windows\system32\drivers\Msfs.sys","0"
"msgpiowin32","Common Driver for Buttons, DockMode and Laptop/Slate Indicator","Common Driver for Buttons, DockMode and Laptop/Slate Indicator","Kernel ","Manual","Running","OK","TRUE","FALSE","0","0","0","2013-08-22 06:13:03","C:\Windows\system32\drivers\msgpiowin32.sys","0"
"mshidkmdf","Pass-through HID to KMDF Filter Driver","Pass-through HID to KMDF Filter Driver","Kernel ","Manual","Running","OK","TRUE","FALSE","0","0","0","2013-08-22 06:13:37","C:\Windows\system32\drivers\mshidkmdf.sys","0"
"mshidumdf","Pass-through HID to UMDF Driver","Pass-through HID to UMDF Driver","Kernel ","Manual","Stopped","OK","FALSE","FALSE","0","0","0","2013-08-22 06:13:37","C:\Windows\system32\drivers\mshidumdf.sys","0"
"MSKSSRV","Microsoft Streaming Service Proxy","Microsoft Streaming Service Proxy","Kernel ","Manual","Stopped","OK","FALSE","FALSE","0","0","0","2013-08-22 06:13:41","C:\Windows\system32\drivers\MSKSSRV.sys","0"
"MsLldp","Microsoft Link-Layer Discovery Protocol","Microsoft Link-Layer Discovery Protocol","Kernel ","Manual","Stopped","OK","FALSE","FALSE","0","0","0","2013-08-22 06:12:03","C:\Windows\system32\DRIVERS\mslldp.sys","0"
"MSPCLOCK","Microsoft Streaming Clock Proxy","Microsoft Streaming Clock Proxy","Kernel ","Manual","Stopped","OK","FALSE","FALSE","0","0","0","2013-08-22 06:13:41","C:\Windows\system32\drivers\MSPCLOCK.sys","0"
"MSPQM","Microsoft Streaming Quality Manager Proxy","Microsoft Streaming Quality Manager Proxy","Kernel ","Manual","Stopped","OK","FALSE","FALSE","0","0","0","2013-08-22 06:13:41","C:\Windows\system32\drivers\MSPQM.sys","0"
"MsRPC","MsRPC","MsRPC","Kernel ","Manual","Stopped","OK","FALSE","FALSE","0","0","0","2013-08-22 06:13:37","C:\Windows\system32\drivers\MsRPC.sys","0"
"mssmbios","Microsoft System Management BIOS Driver","Microsoft System Management BIOS Driver","Kernel ","System","Running","OK","TRUE","FALSE","0","0","0","2013-08-22 06:13:47","C:\Windows\system32\drivers\mssmbios.sys","0"
"MSTEE","Microsoft Streaming Tee/Sink-to-Sink Converter","Microsoft Streaming Tee/Sink-to-Sink Converter","Kernel ","Manual","Stopped","OK","FALSE","FALSE","0","0","0","2013-08-22 06:13:12","C:\Windows\system32\drivers\MSTEE.sys","0"
"MTConfig","Microsoft Input Configuration Driver","Microsoft Input Configuration Driver","Kernel ","Manual","Stopped","OK","FALSE","FALSE","0","0","0","2013-08-22 06:12:45","C:\Windows\system32\drivers\MTConfig.sys","0"
"Mup","Mup","Mup","File System ","Boot","Running","OK","TRUE","FALSE","0","0","0","2013-08-22 06:14:13","C:\Windows\system32\Drivers\mup.sys","0"
"NativeWifiP","NativeWiFi Filter","NativeWiFi Filter","Kernel ","Auto","Running","OK","TRUE","FALSE","0","0","0","2013-09-11 10:30:58","C:\Windows\system32\DRIVERS\nwifi.sys","0"
"NDIS","NDIS System Driver","NDIS System Driver","Kernel ","Boot","Running","OK","TRUE","FALSE","0","0","0","2013-09-21 08:56:08","C:\Windows\system32\drivers\ndis.sys","0"
"NdisCap","Microsoft NDIS Capture","Microsoft NDIS Capture","Kernel ","Manual","Stopped","OK","FALSE","FALSE","0","0","0","2013-08-22 06:13:03","C:\Windows\system32\DRIVERS\ndiscap.sys","0"
"NdisImPlatform","Microsoft Network Adapter Multiplexor Protocol","Microsoft Network Adapter Multiplexor Protocol","Kernel ","Manual","Stopped","OK","FALSE","FALSE","0","0","0","2013-08-22 06:12:06","C:\Windows\system32\DRIVERS\NdisImPlatform.sys","0"
"Ndisuio","NDIS Usermode I/O Protocol","NDIS Usermode I/O Protocol","Kernel ","Manual","Running","OK","TRUE","FALSE","0","0","0","2013-08-22 06:12:48","C:\Windows\system32\DRIVERS\ndisuio.sys","0"
"NdisVirtualBus","Microsoft Virtual Network Adapter Enumerator","Microsoft Virtual Network Adapter Enumerator","Kernel ","Manual","Running","OK","TRUE","FALSE","0","0","0","2013-08-22 06:12:10","C:\Windows\system32\drivers\NdisVirtualBus.sys","0"
"NdisWan","Remote Access NDIS WAN Driver","Remote Access NDIS WAN Driver","Kernel ","Manual","Stopped","OK","FALSE","FALSE","0","0","0","2013-08-22 06:11:46","C:\Windows\system32\DRIVERS\ndiswan.sys","0"
"NDProxy","NDIS Proxy","NDIS Proxy","Kernel ","Manual","Stopped","OK","FALSE","FALSE","0","0","0","2013-08-22 06:12:56","C:\Windows\system32\drivers\NDProxy.sys","0"
"Ndu","Windows Network Data Usage Monitoring Driver","Windows Network Data Usage Monitoring Driver","Kernel ","Auto","Running","OK","TRUE","FALSE","0","0","0","2013-08-22 06:11:39","C:\Windows\system32\drivers\Ndu.sys","0"
"NetBIOS","NetBIOS Interface","NetBIOS Interface","File System ","System","Running","OK","TRUE","FALSE","0","0","0","2013-08-22 06:13:17","C:\Windows\system32\DRIVERS\netbios.sys","0"
"NetBT","NetBT","NetBT","Kernel ","System","Running","OK","TRUE","FALSE","0","0","0","2013-08-22 06:12:11","C:\Windows\system32\DRIVERS\netbt.sys","0"
"Npfs","Npfs","Npfs","File System ","System","Running","OK","TRUE","FALSE","0","0","0","2013-08-22 06:14:16","C:\Windows\system32\drivers\Npfs.sys","0"
"npsvctrig","Named pipe service trigger provider","Named pipe service trigger provider","Kernel ","System","Running","OK","TRUE","FALSE","0","0","0","2013-08-22 06:13:11","C:\Windows\system32\drivers\npsvctrig.sys","0"
"nsiproxy","NSI Proxy Service Driver","NSI Proxy Service Driver","Kernel ","System","Running","OK","TRUE","FALSE","0","0","0","2013-08-22 06:12:12","C:\Windows\system32\drivers\nsiproxy.sys","0"
"Ntfs","Ntfs","Ntfs","File System ","Manual","Running","OK","TRUE","FALSE","0","0","0","2013-08-22 04:37:28","C:\Windows\system32\drivers\Ntfs.sys","0"
"Null","Null","Null","Kernel ","System","Running","OK","TRUE","FALSE","0","0","0","2013-08-22 06:14:14","C:\Windows\system32\drivers\Null.sys","0"
"nvads1","NVIDIA DS1 Library","NVIDIA DS1 Library","Kernel ","Manual","Running","OK","TRUE","FALSE","0","0","0","2013-11-27 05:53:55","C:\Windows\system32\drivers\nvads1.sys","0"
"nvaenum","NVIDIA Tegra Audio Controller","NVIDIA Tegra Audio Controller","Kernel ","Manual","Running","OK","TRUE","FALSE","0","0","0","2013-11-27 05:55:14","C:\Windows\system32\drivers\nvaenum.sys","0"
"nvatopo","NVIDIA Tegra Audio Codec","NVIDIA Tegra Audio Codec","Kernel ","Manual","Running","OK","TRUE","FALSE","0","0","0","2013-11-27 05:55:14","C:\Windows\system32\drivers\nvatopo.sys","0"
"nvavoice","NVIDIA NVoice Library","NVIDIA NVoice Library","Kernel ","Manual","Running","OK","TRUE","FALSE","0","0","0","2013-11-27 05:53:59","C:\Windows\system32\drivers\nvavoice.sys","0"
"NvAvstrm","NVIDIA AvStream Driver","NVIDIA AvStream Driver","Kernel ","Manual","Running","OK","TRUE","FALSE","0","0","0","2013-10-24 08:12:05","C:\Windows\system32\DRIVERS\nvavstrm.sys","0"
"nvawave","NVIDIA Tegra Audio","NVIDIA Tegra Audio","Kernel ","Manual","Running","OK","TRUE","FALSE","0","0","0","2013-11-27 05:55:23","C:\Windows\system32\drivers\nvawave.sys","0"
"nvehcifilter","USB EHCI Power Filter Service","USB EHCI Power Filter Service","Kernel ","Manual","Running","OK","TRUE","FALSE","0","0","0","2013-10-24 08:10:02","C:\Windows\system32\drivers\nvehcifilter.sys","0"
"NvidiaThml","Tegra Thermal Driver Service","Tegra Thermal Driver Service","Kernel ","Manual","Running","OK","TRUE","FALSE","0","0","0","2013-10-24 08:11:43","C:\Windows\system32\drivers\nvthml.sys","0"
"nvlddmkm","nvlddmkm","nvlddmkm","Kernel ","Manual","Running","OK","TRUE","FALSE","0","0","0","2013-11-10 00:57:32","C:\Windows\system32\DRIVERS\nvlddmkm.sys","0"
"nvmem","NVIDIA Tegra Memory Driver","NVIDIA Tegra Memory Driver","Kernel ","Manual","Running","OK","TRUE","FALSE","0","0","0","2013-10-24 08:10:06","C:\Windows\system32\drivers\nvmem.sys","0"
"nvpep","NVIDIA Power Management Controller","NVIDIA Power Management Controller","Kernel ","Boot","Running","OK","TRUE","FALSE","0","0","0","2013-10-24 08:11:01","C:\Windows\system32\DriverStore\FileRepository\nvpep.inf_arm_bec0b2cc81531557\nvpep.sys","0"
"nvsc","NVIDIA Secure Channel","NVIDIA Secure Channel","Kernel ","Boot","Running","OK","TRUE","FALSE","0","0","0","2013-10-24 08:11:49","C:\Windows\system32\drivers\nvsc.sys","0"
"nvse","NVIDIA Secure Engine Controller","NVIDIA Secure Engine Controller","Kernel ","Boot","Running","OK","TRUE","FALSE","0","0","0","2013-10-24 08:10:47","C:\Windows\system32\drivers\nvse.sys","0"
"nvt40pmu","nvt40pmu","nvt40pmu","Kernel ","Manual","Running","OK","TRUE","FALSE","0","0","0","2013-10-24 08:12:46","C:\Windows\system32\DriverStore\FileRepository\nvt40pmu.inf_arm_b6078933719e81f4\nvt40pmu.sys","0"
"nvvad_WaveExtensible","NVIDIA Tegra Miracast Audio","NVIDIA Tegra Miracast Audio","Kernel ","Manual","Running","OK","TRUE","FALSE","0","0","0","2013-10-24 08:14:41","C:\Windows\system32\drivers\nvvadarm.sys","0"
"nvxhcifilter","XHCI Power Filter Service","XHCI Power Filter Service","Kernel ","Manual","Running","OK","TRUE","FALSE","0","0","0","2013-10-24 08:11:32","C:\Windows\system32\drivers\nvxhcifilter.sys","0"
"partmgr","Partition Manager","Partition Manager","Kernel ","Boot","Running","OK","TRUE","FALSE","0","0","0","2013-08-22 06:14:04","C:\Windows\system32\drivers\partmgr.sys","0"
"pci","PCI Bus Driver","PCI Bus Driver","Kernel ","Boot","Running","OK","TRUE","FALSE","0","0","0","2013-08-22 06:13:15","C:\Windows\system32\drivers\pci.sys","0"
"pcw","Performance Counters for Windows Driver","Performance Counters for Windows Driver","Kernel ","Boot","Running","OK","TRUE","FALSE","0","0","0","2013-08-22 04:36:49","C:\Windows\system32\drivers\pcw.sys","0"
"pdc","pdc","pdc","Kernel ","Boot","Running","OK","TRUE","FALSE","0","0","0","2013-11-01 06:27:39","C:\Windows\system32\drivers\pdc.sys","0"
"PEAUTH","PEAUTH","PEAUTH","Kernel ","Auto","Running","OK","TRUE","FALSE","0","0","0","2013-08-22 06:12:21","C:\Windows\system32\drivers\peauth.sys","0"
"Psched","QoS Packet Scheduler","QoS Packet Scheduler","Kernel ","System","Running","OK","TRUE","FALSE","0","0","0","2013-08-22 06:11:46","C:\Windows\system32\DRIVERS\pacer.sys","0"
"QWAVEdrv","QWAVE driver","QWAVE driver","Kernel ","Manual","Stopped","OK","FALSE","FALSE","0","0","0","2013-08-22 06:13:43","C:\Windows\system32\drivers\qwavedrv.sys","0"
"RasAcd","Remote Access Auto Connection Driver","Remote Access Auto Connection Driver","Kernel ","Manual","Stopped","OK","FALSE","FALSE","0","0","0","2013-08-22 06:14:00","C:\Windows\system32\DRIVERS\rasacd.sys","0"
"RasPppoe","Remote Access PPPOE Driver","Remote Access PPPOE Driver","Kernel ","Manual","Stopped","OK","FALSE","FALSE","0","0","0","2013-08-22 06:12:11","C:\Windows\system32\DRIVERS\raspppoe.sys","0"
"rdbss","Redirected Buffering Sub System","Redirected Buffering Sub System","File System ","System","Running","OK","TRUE","FALSE","0","0","0","2013-08-22 06:12:39","C:\Windows\system32\DRIVERS\rdbss.sys","0"
"rdpbus","Remote Desktop Device Redirector Bus Driver","Remote Desktop Device Redirector Bus Driver","Kernel ","Manual","Running","OK","TRUE","FALSE","0","0","0","2013-08-22 06:13:23","C:\Windows\system32\drivers\rdpbus.sys","0"
"RDPDR","Remote Desktop Device Redirector Driver","Remote Desktop Device Redirector Driver","Kernel ","Manual","Stopped","OK","FALSE","FALSE","0","0","0","2013-08-22 06:12:22","C:\Windows\system32\drivers\rdpdr.sys","0"
"rdyboost","ReadyBoost","ReadyBoost","Kernel ","Boot","Running","OK","TRUE","FALSE","0","0","0","2013-10-13 00:43:04","C:\Windows\system32\drivers\rdyboost.sys","0"
"RFCOMM","Bluetooth Device (RFCOMM Protocol TDI)","Bluetooth Device (RFCOMM Protocol TDI)","Kernel ","Manual","Running","OK","TRUE","FALSE","0","0","0","2013-09-11 10:31:07","C:\Windows\system32\DRIVERS\rfcomm.sys","0"
"rspndr","Link-Layer Topology Discovery Responder","Link-Layer Topology Discovery Responder","Kernel ","Auto","Running","OK","TRUE","FALSE","0","0","0","2013-08-22 06:12:07","C:\Windows\system32\DRIVERS\rspndr.sys","0"
"scfilter","Smart card PnP Class Filter Driver","Smart card PnP Class Filter Driver","Kernel ","Manual","Stopped","OK","FALSE","FALSE","0","0","0","2013-08-22 06:13:03","C:\Windows\system32\DRIVERS\scfilter.sys","0"
"sdbus","sdbus","sdbus","Kernel ","Manual","Running","OK","TRUE","FALSE","0","0","0","2013-12-21 10:10:47","C:\Windows\system32\drivers\sdbus.sys","0"
"sdstor","SD Storage Port Driver","SD Storage Port Driver","Kernel ","Manual","Running","OK","TRUE","FALSE","0","0","0","2013-08-22 06:13:45","C:\Windows\system32\drivers\sdstor.sys","0"
"SensorsHIDClassDriver","UMDF Reflector service for SensorsHIDClassDriver","UMDF Reflector service for SensorsHIDClassDriver","Kernel ","Manual","Running","OK","TRUE","FALSE","0","0","0","2013-08-22 06:12:32","C:\Windows\system32\DRIVERS\WUDFRd.sys","0"
"SensorsServiceDriver","UMDF Reflector service for SensorsServiceDriver","UMDF Reflector service for SensorsServiceDriver","Kernel ","Manual","Running","OK","TRUE","FALSE","0","0","0","2013-08-22 06:12:32","C:\Windows\system32\DRIVERS\WUDFRd.sys","0"
"SerCx","Serial UART Support Library","Serial UART Support Library","Kernel ","Manual","Stopped","OK","FALSE","FALSE","0","0","0","2013-08-22 06:13:02","C:\Windows\system32\drivers\SerCx.sys","0"
"SerCx2","Serial UART Support Library","Serial UART Support Library","Kernel ","Manual","Running","OK","TRUE","FALSE","0","0","0","2013-10-25 18:10:32","C:\Windows\system32\drivers\SerCx2.sys","0"
"SpbCx","Simple Peripheral Bus Support Library","Simple Peripheral Bus Support Library","Kernel ","Manual","Running","OK","TRUE","FALSE","0","0","0","2013-08-22 06:13:01","C:\Windows\system32\drivers\SpbCx.sys","0"
"srv","Server SMB 1.xxx Driver","Server SMB 1.xxx Driver","File System ","Auto","Running","OK","TRUE","FALSE","0","0","0","2013-10-05 11:51:28","C:\Windows\system32\DRIVERS\srv.sys","0"
"srv2","Server SMB 2.xxx Driver","Server SMB 2.xxx Driver","File System ","Manual","Running","OK","TRUE","FALSE","0","0","0","2013-09-21 08:55:32","C:\Windows\system32\DRIVERS\srv2.sys","0"
"srvnet","srvnet","srvnet","File System ","Manual","Running","OK","TRUE","FALSE","0","0","0","2013-09-11 10:30:26","C:\Windows\system32\DRIVERS\srvnet.sys","0"
"SurfaceAccessoryDevice","Surface Accessory Device Service","Surface Accessory Device Service","Kernel ","Manual","Running","OK","TRUE","FALSE","0","0","0","2013-07-21 17:47:40","C:\Windows\system32\drivers\SurfaceAccessoryDevice.sys","0"
"SurfaceHomeButton","Surface Home Button Service","Surface Home Button Service","Kernel ","Manual","Running","OK","TRUE","FALSE","0","0","0","2013-12-18 10:16:46","C:\Windows\system32\drivers\SurfaceHomeButton.sys","0"
"SurfaceIntegrationDriver","Surface Integration Driver","Surface Integration Driver","Kernel ","Manual","Running","OK","TRUE","FALSE","0","0","0","2013-07-21 17:57:28","C:\Windows\system32\drivers\SurfaceIntegrationDriver.sys","0"
"SurfacePlatformPowerDriver","Surface Platform Power Driver Service","Surface Platform Power Driver Service","Kernel ","Manual","Running","OK","TRUE","FALSE","0","0","0","2013-12-20 10:17:02","C:\Windows\system32\drivers\SurfacePlatformPowerDriver.sys","0"
"SurfaceTouchCover","Surface Touch Cover Filter Device Service","Surface Touch Cover Filter Device Service","Kernel ","Manual","Stopped","OK","FALSE","FALSE","0","0","0","2013-07-21 17:48:14","C:\Windows\system32\drivers\SurfaceTouchCover.sys","0"
"SurfaceTypeCover","Surface Type Cover Filter Device Service","Surface Type Cover Filter Device Service","Kernel ","Manual","Stopped","OK","FALSE","FALSE","0","0","0","2013-07-21 17:52:13","C:\Windows\system32\drivers\SurfaceTypeCover.sys","0"
"swenum","Software Bus Driver","Software Bus Driver","Kernel ","Manual","Running","OK","TRUE","FALSE","0","0","0","2013-08-22 06:13:41","C:\Windows\system32\drivers\swenum.sys","0"
"Tcpip","TCP/IP Protocol Driver","TCP/IP Protocol Driver","Kernel ","Boot","Running","OK","TRUE","FALSE","0","0","0","2013-10-08 08:38:55","C:\Windows\system32\drivers\tcpip.sys","0"
"TCPIP6","Microsoft IPv6 Protocol Driver","Microsoft IPv6 Protocol Driver","Kernel ","Manual","Stopped","OK","FALSE","FALSE","0","0","0","2013-10-08 08:38:55","C:\Windows\system32\DRIVERS\tcpip.sys","0"
"tcpipreg","TCP/IP Registry Compatibility","TCP/IP Registry Compatibility","Kernel ","Auto","Running","OK","TRUE","FALSE","0","0","0","2013-08-22 06:11:38","C:\Windows\system32\drivers\tcpipreg.sys","0"
"tdx","NetIO Legacy TDI Support Driver","NetIO Legacy TDI Support Driver","Kernel ","System","Running","OK","TRUE","FALSE","0","0","0","2013-08-22 06:12:11","C:\Windows\system32\DRIVERS\tdx.sys","0"
"tegra2gpio","Tegra GPIO Client Driver","Tegra GPIO Client Driver","Kernel ","Manual","Running","OK","TRUE","FALSE","0","0","0","2013-10-24 08:14:41","C:\Windows\system32\drivers\tegra2gpio.sys","0"
"tegrai2c","Tegra I2C Controller Service","Tegra I2C Controller Service","Kernel ","Manual","Running","OK","TRUE","FALSE","0","0","0","2013-10-24 08:12:59","C:\Windows\system32\drivers\tegrai2c.sys","0"
"terminpt","Microsoft Remote Desktop Input Driver","Microsoft Remote Desktop Input Driver","Kernel ","Manual","Stopped","OK","FALSE","FALSE","0","0","0","2013-08-22 06:13:36","C:\Windows\system32\drivers\terminpt.sys","0"
"TPM","TPM","TPM","Kernel ","Boot","Running","OK","TRUE","FALSE","0","0","0","2013-08-22 06:12:36","C:\Windows\system32\drivers\tpm.sys","0"
"TsUsbFlt","TsUsbFlt","TsUsbFlt","Kernel ","Manual","Stopped","OK","FALSE","FALSE","0","0","0","2013-08-22 06:12:42","C:\Windows\system32\drivers\tsusbflt.sys","0"
"TsUsbGD","Remote Desktop Generic USB Device","Remote Desktop Generic USB Device","Kernel ","Manual","Stopped","OK","FALSE","FALSE","0","0","0","2013-08-22 06:12:58","C:\Windows\system32\drivers\TsUsbGD.sys","0"
"tsusbhub","Remote Desktop USB Hub","Remote Desktop USB Hub","Kernel ","Manual","Stopped","OK","FALSE","FALSE","0","0","0","2013-08-22 06:11:55","C:\Windows\system32\drivers\tsusbhub.sys","0"
"tunnel","Microsoft Tunnel Miniport Adapter Driver","Microsoft Tunnel Miniport Adapter Driver","Kernel ","Manual","Running","OK","TRUE","FALSE","0","0","0","2013-08-22 06:11:45","C:\Windows\system32\DRIVERS\tunnel.sys","0"
"UartClass","Microsoft UART V2 Service","Microsoft UART V2 Service","Kernel ","Manual","Running","OK","TRUE","FALSE","0","0","0","2013-08-22 06:12:51","C:\Windows\system32\drivers\UartClass.sys","0"
"UASPStor","USB Attached SCSI (UAS) Driver","USB Attached SCSI (UAS) Driver","Kernel ","Manual","Stopped","OK","FALSE","FALSE","0","0","0","2013-08-22 06:12:53","C:\Windows\system32\drivers\uaspstor.sys","0"
"UCX01000","USB Controller Extension","USB Controller Extension","Kernel ","Manual","Running","OK","TRUE","FALSE","0","0","0","2013-08-22 06:12:43","C:\Windows\system32\drivers\ucx01000.sys","0"
"udfs","udfs","udfs","File System ","Disabled","Stopped","OK","FALSE","FALSE","0","0","0","2013-08-22 06:14:19","C:\Windows\system32\DRIVERS\udfs.sys","0"
"UEFI","Microsoft UEFI Driver","Microsoft UEFI Driver","Kernel ","Manual","Running","OK","TRUE","FALSE","0","0","0","2013-08-22 06:14:01","C:\Windows\system32\drivers\UEFI.sys","0"
"umbus","UMBus Enumerator Driver","UMBus Enumerator Driver","Kernel ","Manual","Running","OK","TRUE","FALSE","0","0","0","2013-08-22 06:13:26","C:\Windows\system32\drivers\umbus.sys","0"
"UmPass","Microsoft UMPass Driver","Microsoft UMPass Driver","Kernel ","Manual","Stopped","OK","FALSE","FALSE","0","0","0","2013-08-22 06:13:25","C:\Windows\system32\drivers\umpass.sys","0"
"usbccgp","Microsoft USB Generic Parent Driver","Microsoft USB Generic Parent Driver","Kernel ","Manual","Stopped","OK","FALSE","FALSE","0","0","0","2013-10-23 09:18:20","C:\Windows\system32\drivers\usbccgp.sys","0"
"usbehci","Microsoft USB 2.0 Enhanced Host Controller Miniport Driver","Microsoft USB 2.0 Enhanced Host Controller Miniport Driver","Kernel ","Manual","Running","OK","TRUE","FALSE","0","0","0","2013-08-22 06:13:35","C:\Windows\system32\drivers\usbehci.sys","0"
"usbhub","Microsoft USB Standard Hub Driver","Microsoft USB Standard Hub Driver","Kernel ","Manual","Running","OK","TRUE","FALSE","0","0","0","2013-08-22 06:13:26","C:\Windows\system32\drivers\usbhub.sys","0"
"USBHUB3","SuperSpeed Hub","SuperSpeed Hub","Kernel ","Manual","Running","OK","TRUE","FALSE","0","0","0","2013-09-17 08:07:53","C:\Windows\system32\drivers\UsbHub3.sys","0"
"usbprint","Microsoft USB PRINTER Class","Microsoft USB PRINTER Class","Kernel ","Manual","Stopped","OK","FALSE","FALSE","0","0","0","2013-08-22 06:12:10","C:\Windows\system32\drivers\usbprint.sys","0"
"USBSTOR","USB Mass Storage Driver","USB Mass Storage Driver","Kernel ","Manual","Running","OK","TRUE","FALSE","0","0","0","2013-08-22 06:12:55","C:\Windows\system32\drivers\USBSTOR.SYS","0"
"USBXHCI","USB xHCI Compliant Host Controller","USB xHCI Compliant Host Controller","Kernel ","Manual","Running","OK","TRUE","FALSE","0","0","0","2013-11-09 08:34:32","C:\Windows\system32\drivers\USBXHCI.SYS","0"
"vdrvroot","Microsoft Virtual Drive Enumerator","Microsoft Virtual Drive Enumerator","Kernel ","Boot","Running","OK","TRUE","FALSE","0","0","0","2013-08-22 06:13:22","C:\Windows\system32\drivers\vdrvroot.sys","0"
"VerifierExt","VerifierExt","VerifierExt","Kernel ","Manual","Stopped","OK","FALSE","FALSE","0","0","0","2013-09-14 10:39:12","C:\Windows\system32\drivers\VerifierExt.sys","0"
"vhdmp","vhdmp","vhdmp","Kernel ","Manual","Stopped","OK","FALSE","FALSE","0","0","0","2013-08-22 06:12:37","C:\Windows\system32\drivers\vhdmp.sys","0"
"volmgr","Volume Manager Driver","Volume Manager Driver","Kernel ","Boot","Running","OK","TRUE","FALSE","0","0","0","2013-08-22 04:36:50","C:\Windows\system32\drivers\volmgr.sys","0"
"volmgrx","Dynamic Volume Manager","Dynamic Volume Manager","Kernel ","Boot","Running","OK","TRUE","FALSE","0","0","0","2013-08-22 06:14:07","C:\Windows\system32\drivers\volmgrx.sys","0"
"volsnap","Storage volumes","Storage volumes","Kernel ","Boot","Running","OK","TRUE","FALSE","0","0","0","2013-08-22 06:14:19","C:\Windows\system32\drivers\volsnap.sys","0"
"vwifibus","Virtual WiFi Bus Driver","Virtual WiFi Bus Driver","Kernel ","Manual","Running","OK","TRUE","FALSE","0","0","0","2013-08-22 06:13:28","C:\Windows\system32\drivers\vwifibus.sys","0"
"vwififlt","Virtual WiFi Filter Driver","Virtual WiFi Filter Driver","Kernel ","System","Running","OK","TRUE","FALSE","0","0","0","2013-08-22 06:13:02","C:\Windows\system32\DRIVERS\vwififlt.sys","0"
"vwifimp","Virtual WiFi Miniport Service","Virtual WiFi Miniport Service","Kernel ","Manual","Running","OK","TRUE","FALSE","0","0","0","2013-08-22 06:12:03","C:\Windows\system32\DRIVERS\vwifimp.sys","0"
"WdBoot","Windows Defender Boot Driver","Windows Defender Boot Driver","Kernel ","Boot","Stopped","OK","FALSE","FALSE","0","0","0","2013-08-22 06:13:08","C:\Windows\system32\drivers\WdBoot.sys","0"
"Wdf01000","Kernel Mode Driver Frameworks service","Kernel Mode Driver Frameworks service","Kernel ","Boot","Running","OK","TRUE","FALSE","0","0","0","2013-08-22 06:13:42","C:\Windows\system32\drivers\Wdf01000.sys","0"
"WdFilter","Windows Defender Mini-Filter Driver","Windows Defender Mini-Filter Driver","File System ","Boot","Running","OK","TRUE","FALSE","0","0","0","2013-08-22 06:13:40","C:\Windows\system32\drivers\WdFilter.sys","0"
"WdNisDrv","Windows Defender Network Inspection System Driver","Windows Defender Network Inspection System Driver","Kernel ","Manual","Stopped","OK","FALSE","FALSE","0","0","0","2013-08-22 06:11:39","C:\Windows\system32\Drivers\WdNisDrv.sys","0"
"WFPLWFS","Microsoft Windows Filtering Platform","Microsoft Windows Filtering Platform","Kernel ","Boot","Running","OK","TRUE","FALSE","0","0","0","2013-10-13 00:41:28","C:\Windows\system32\DRIVERS\wfplwfs.sys","0"
"WiFiClass","Microsoft Wireless LAN Miniport Driver","Microsoft Wireless LAN Miniport Driver","Kernel ","Manual","Running","OK","TRUE","FALSE","0","0","0","2013-09-28 03:50:25","C:\Windows\system32\DRIVERS\wificlass.sys","0"
"WIMMount","WIMMount","WIMMount","File System ","Manual","Stopped","OK","FALSE","FALSE","0","0","0","2013-08-22 06:13:48","C:\Windows\system32\drivers\wimmount.sys","0"
"wmbclass","USB Mobile Broadband Adapter Driver","USB Mobile Broadband Adapter Driver","Kernel ","Manual","Stopped","OK","FALSE","FALSE","0","0","0","2013-08-22 06:12:08","C:\Windows\system32\DRIVERS\wmbclass.sys","0"
"WmiAcpi","Microsoft Windows Management Interface for ACPI","Microsoft Windows Management Interface for ACPI","Kernel ","Manual","Running","OK","TRUE","FALSE","0","0","0","2013-08-22 06:14:03","C:\Windows\system32\drivers\wmiacpi.sys","0"
"wpcfltr","Family Safety Filter Driver","Family Safety Filter Driver","Kernel ","Manual","Stopped","OK","FALSE","FALSE","0","0","0","2013-08-22 06:12:19","C:\Windows\system32\DRIVERS\wpcfltr.sys","0"
"WpdUpFltr","WPD Upper Class Filter Driver","WPD Upper Class Filter Driver","Kernel ","Manual","Running","OK","TRUE","FALSE","0","0","0","2013-08-22 06:13:19","C:\Windows\system32\drivers\WpdUpFltr.sys","0"
"ws2ifsl","Winsock IFS Driver","Winsock IFS Driver","Kernel ","Disabled","Stopped","OK","FALSE","FALSE","0","0","0","2013-08-22 06:14:02","C:\Windows\system32\drivers\ws2ifsl.sys","0"
"WudfPf","User Mode Driver Frameworks Platform Driver","User Mode Driver Frameworks Platform Driver","Kernel ","Manual","Running","OK","TRUE","FALSE","0","0","0","2013-08-22 06:12:53","C:\Windows\system32\drivers\WudfPf.sys","0"
"WUDFRd","Windows Driver Foundation - User-mode Driver Framework Reflector","Windows Driver Foundation - User-mode Driver Framework Reflector","Kernel ","Manual","Running","OK","TRUE","FALSE","0","0","0","2013-08-22 06:12:32","C:\Windows\system32\drivers\WUDFRd.sys","0"
"WUDFWpdFs","WUDFWpdFs","WUDFWpdFs","Kernel ","Manual","Running","OK","TRUE","FALSE","0","0","0","2013-08-22 06:12:32","C:\Windows\system32\DRIVERS\WUDFRd.sys","0"
